{"cameraMode":{"drawMode":0,"name":"Shaded","section":"Shading Mode"},"sceneLighting":true,"audioPlay":false,"sceneViewState":{"showFog":true,"showMaterialUpdate":false,"showSkybox":true,"showFlares":true,"showImageEffects":true,"showParticleSystems":true},"in2DMode":false,"pivot":{"x":1.8095693588256837,"y":-2.357834815979004,"z":2.698141098022461},"rotation":{"x":0.05565541237592697,"y":0.9273732900619507,"z":-0.3367426097393036,"w":0.15327882766723634},"size":21.82234001159668,"orthographic":false}